Source: IEA World Energy Balances https://www.iea.org/data-and-statistics/data-product/world-energy-statistics-and-balances
This data is released under a CC BY 4.0 licence: https://www.iea.org/terms/creative-commons-cc-licenses

,"Wind, solar, etc.",Biofuels and waste,Oil,Units
2012,7,8063,18622,TJ
2013,7,7826,20474,TJ
2014,7,8022,21205,TJ
2015,7,8470,27049,TJ
2016,7,8022,24089,TJ
2017,10,9477,20579,TJ
2018,35,7952,24472,TJ
2019,39,7992,25006,TJ
2020,39,8113,24146,TJ
2021,60,8222,24788,TJ
2022,127,8348,23383,TJ