Source: IEA World Energy Balances https://www.iea.org/data-and-statistics/data-product/world-energy-statistics-and-balances
This data is released under a CC BY 4.0 licence: https://www.iea.org/terms/creative-commons-cc-licenses

,Oil,Natural gas,Units
1990,2409,,TJ
1991,3168,,TJ
1992,3842,,TJ
1993,3882,,TJ
1994,4475,,TJ
1995,4390,,TJ
1996,4473,,TJ
1997,4642,,TJ
1998,4894,,TJ
1999,5103,,TJ
2000,5352,,TJ
2001,5440,,TJ
2002,5562,,TJ
2003,5645,,TJ
2004,6115,,TJ
2005,6280,,TJ
2006,6572,,TJ
2007,6527,,TJ
2008,6647,,TJ
2009,7160,,TJ
2010,7242,,TJ
2011,7030,,TJ
2012,7196,,TJ
2013,7616,,TJ
2014,8127,,TJ
2015,8835,,TJ
2016,9268,,TJ
2017,9880,,TJ
2018,10493,,TJ
2019,10452,659,TJ
2020,8403,1930,TJ
2021,8369,2006,TJ
2022,8373,1897,TJ